"value","wd","ws","ceil_hgt","visibility","air_temp","dew_point","atmos_pres","RH","month"
26.359649122807,168.236444997293,3.61052631578947,1288.65789473684,11980.701754386,279.521052631579,278.891228070175,1018.03684210526,95.9077418196455,"1"
26.8863636363636,306.119268215237,2.12121212121212,22000,16363.6363636364,275.421212121212,272.987878787879,1030.32727272727,84.547882106733,"1"
22.655303030303,263.352793566334,3.88333333333333,14066.1893939394,25227.2727272727,274.869696969697,272.989393939394,1028.11818181818,88.1099381517081,"1"
26.5245098039216,299.836279174401,3.39019607843137,8326.41176470588,33000,277.133333333333,273.66862745098,1025.97647058824,78.7532291820291,"1"
28.5392156862745,263.121975841749,1.20392156862745,22000,15764.7058823529,274.778431372549,271.309803921569,1033.67647058824,78.3975618510739,"1"
37.9,208.050661121649,3.96666666666667,409.066666666667,7720,278.526666666667,277.453333333333,1034.18,93.5886038701083,"1"
23.5984848484848,275.996720917612,2.25757575757576,469.590909090909,7712.12121212121,282.251515151515,281.842424242424,1032.11363636364,97.3856595700445,"1"
21.7234848484848,185.780272464355,1.47424242424242,405.909090909091,4290.90909090909,281.740909090909,281.609090909091,1032.01363636364,99.1354030759889,"1"
23.3674242424242,229.65986551908,5.01515151515151,5593.30303030303,13356.8181818182,280.848484848485,280.031818181818,1018.49545454545,94.7558470853464,"1"
22.8695652173913,259.367955241279,4.21304347826087,5146.65942028986,13702.8985507246,279.472463768116,277.83768115942,1011.27826086957,89.7643177365442,"1"
23.4318181818182,265.814384418416,5.44242424242424,8675.98484848485,16651.5151515152,281.327272727273,276.35,1011.45909090909,73.0534396744321,"1"
25.731884057971,249.173121955442,4.5463768115942,7289.02898550725,14059.4202898551,277.546376811594,275.208695652174,1004.6,85.5323104965909,"1"
23.0144927536232,291.51085657113,5.93478260869565,12424.3188405797,27775.3623188406,275.963768115942,272.140579710145,1009.5652173913,76.86995157516,"1"
24.0454545454545,286.262045382221,3.42878787878788,12283.4848484848,25209.0909090909,275.530303030303,273.39696969697,1020.32272727273,86.175240716526,"1"
22.1123188405797,284.293816752029,2.61014492753623,2379.72463768116,8732.60869565217,278.817391304348,278.602898550725,1022.67826086957,98.5722590711768,"1"
21.9848484848485,127.819636669718,1.93181818181818,1234.78787878788,10478.7878787879,278.224242424242,277.665151515152,1028.02272727273,96.2858631112277,"1"
27.6739130434783,128.02025492676,1.49275362318841,19551.4492753623,10310.1449275362,275.540579710145,272.376811594203,1036.04347826087,82.0482416032405,"1"
33.4166666666667,142.130085921626,0.714285714285714,22000,6000,271.795238095238,270.095238095238,1038.68571428571,91.0213599954073,"1"
38.125,163.175592645132,1.99583333333333,22000,10541.6666666667,275.945833333333,270.958333333333,1037.3,72.2975427359771,"1"
38.2666666666667,50.1487273135873,2.76222222222222,22000,15733.3333333333,275.946666666667,271.006666666667,1033.18,72.5466457150293,"1"
34.953125,85.7503145151513,2.625,22000,12329.1666666667,273.264583333333,270.075,1028.4625,82.219071933887,"1"
36.0166666666667,185.419298112542,0.94,22000,4820,271.32,270.013333333333,1026.78,92.0167277009697,"1"
33.5444444444444,131.24201655122,2.66444444444444,106.666666666667,4154.44444444444,275.324444444444,275.115555555556,1027.12,98.5673851268335,"1"
29.8219696969697,126.473855296045,4.15606060606061,4752.59090909091,4860.60606060606,272.401515151515,270.94696969697,1020.14090909091,90.1506613490785,"1"
38.6287878787879,97.2450114477456,3.10909090909091,13313.0303030303,5463.63636363636,275.151515151515,273.663636363636,1011.28181818182,90.2837171729429,"1"
31.9464285714286,186.028647970008,4.53571428571429,9038.7619047619,23785.7142857143,279.721428571429,277.645238095238,1009.62142857143,87.1367357767817,"1"
25.3070175438597,191.982269480663,4.11929824561403,4862.04385964912,19535.0877192982,279.459649122807,278.861403508772,1011.5,96.0675163471653,"1"
23.875,134.473465794402,3.15833333333333,249.133333333333,8747.5,280.651666666667,279.965,1011.035,95.5614212177987,"1"
22.6359649122807,113.845347617029,3.73333333333333,166.201754385965,6584.21052631579,280.233333333333,280.036842105263,1012.88421052632,98.7009059784449,"1"
20.713768115942,172.684756952272,4.28695652173913,313.391304347826,15537.6811594203,283.307246376812,282.769565217391,1006.48695652174,96.5983171981447,"2"
24.8007246376812,173.430103666048,6.71594202898551,1194.13768115942,13262.3188405797,283.352173913043,281.924637681159,997.004347826087,91.0909314213538,"2"
20.3,167.680093424668,6.14333333333333,848.35,11066.6666666667,282.353333333333,279.66,996.52,83.6907829759795,"2"
26.05,213.510823225998,2.20666666666667,13544.3583333333,22925,278.076666666667,276.241666666667,997.13,88.880179062252,"2"
25.1666666666667,138.80547982546,2.47380952380952,2296.5119047619,19321.4285714286,277.492857142857,276.680952380952,1003.20714285714,94.6061867500011,"2"
27.1071428571429,191.203386805915,2.94285714285714,10432.253968254,9301.5873015873,277.161904761905,275.736507936508,1017.08095238095,91.0217043436669,"2"
27.2280701754386,226.232690234874,2.56491228070175,3115.13157894737,11384.2105263158,280.129824561403,277.957894736842,1013.80526315789,87.6114322775073,"2"
23.75,136.437228114504,2.23166666666667,670.075,9496.66666666667,277.29,275.231666666667,1026.315,86.8570368487243,"2"
28.6340579710145,52.2472220485649,3.31739130434783,600.289855072464,7723.1884057971,275,273.185507246377,1027.7,88.0973682410729,"2"
26.5777777777778,37.7004498470388,3.36666666666667,260.166666666667,2746.66666666667,274.637777777778,273.997777777778,1023.97333333333,95.7275003332474,"2"
33.475,78.7305781848927,6.36333333333333,22000,6386.66666666667,280.523333333333,276.25,1021.5,75.268942766691,"2"
33.6208333333333,108.748233246584,3.36166666666667,8887.50833333333,8466.66666666667,279.881666666667,277.121666666667,1023.09,83.1750894131229,"2"
30.9722222222222,163.465151076974,3.61428571428571,3141.07142857143,11215.873015873,281.933333333333,281.309523809524,1027.69047619048,96.0241553288908,"2"
26.2083333333333,240.504955860066,3.71818181818182,6918.79545454545,21280.303030303,281.345454545455,279.306060606061,1029.55,87.9062200045938,"2"
25.4875,240.676753730433,2.96833333333333,8725.175,19801.6666666667,281.845,279.401666666667,1027.89,85.8037363869655,"2"
29.1159420289855,208.064236119238,3.14492753623188,9197.86956521739,10536.231884058,280.752173913043,278.573913043478,1025.21739130435,87.1788065819767,"2"
28.1195652173913,239.302048659289,3.7463768115942,4298.44927536232,19463.768115942,281.673913043478,279.592753623188,1022.49565217391,87.5630130186102,"2"
20.5526315789474,256.827255513062,5.38245614035088,3917.12280701754,20657.8947368421,285.212280701754,283.078947368421,1018.95789473684,87.4273165085068,"2"
19.6920289855072,255.698387361772,6.25652173913043,508.13768115942,34021.7391304348,284.695652173913,282.669565217391,1016.02608695652,87.7669015295545,"2"
23.3088235294118,247.77040139744,7.77058823529412,416.823529411765,28725.4901960784,284.780392156863,282.621568627451,1008.24705882353,86.9341759631699,"2"
21.5,253.470797526616,7.13939393939394,661.484848484848,32572.7272727273,281.669696969697,279.090909090909,1003.19090909091,84.2795999637192,"2"
28.0539215686275,276.723749441423,3.83725490196078,13995.6764705882,29058.8235294118,279.023529411765,273.303921568627,1015.81176470588,68.4592734197582,"2"
27.3030303030303,216.639956690329,6.40151515151515,2323.19696969697,14586.3636363636,281.668181818182,279.337878787879,1013.30454545455,85.6729860494348,"2"
26.5119047619048,223.891803616059,6.9984126984127,465.849206349206,24203.1746031746,283.179365079365,281.1,1005.9,87.3374887155694,"2"
24.4583333333333,194.506993482199,4.56111111111111,4691.22222222222,33000,281.15,279.972222222222,996.783333333333,92.3909226082024,"2"
19.5,275.504624318412,7.45,1058,19000,280.2,276.75,993.9,78.9824788511134,"2"
26.328431372549,234.148444880086,4.81960784313725,5415.8431372549,17784.3137254902,280.435294117647,277.194117647059,998.564705882353,80.3752368026706,"3"
32.53125,213.372824293905,5.44583333333333,16165.2083333333,20750,280.191666666667,274.404166666667,1010.125,69.8201223646468,"3"
23.8809523809524,141.283443969429,4.45238095238095,6783.54761904762,13500,280.633333333333,278.897619047619,1001.35714285714,89.0315611047003,"3"
25.8653846153846,288.187516361129,4.12307692307692,13027.2179487179,23769.2307692308,280.830769230769,276.041025641026,1006.76923076923,73.2766073558862,"3"
26.3901515151515,252.258420942,3.80151515151515,6517.81818181818,33272.7272727273,280.406060606061,276.040909090909,1016.53636363636,75.2402210911351,"3"
24.5398550724638,239.230873446786,5.12608695652174,3369.71014492754,32201.4492753623,284.120289855072,282.001449275362,1012.72173913043,87.433338100139,"3"
22.4166666666667,252.008079031214,4.39814814814815,7082.97222222222,34000,285.938888888889,280.181481481481,1019.84444444444,70.618158042081,"3"
23.5833333333333,161.366774626128,3.05151515151515,3513.93939393939,17796.9696969697,282.748484848485,280.813636363636,1024.99545454545,88.0095743473283,"3"
25.702380952381,172.763734409265,2.8952380952381,6160.5873015873,11211.1111111111,285.038095238095,282.507936507937,1018.20476190476,85.3453362642591,"3"
28.3068181818182,281.049682548824,1.99242424242424,6335.72727272727,10769.696969697,283.801515151515,281.577272727273,1015.35909090909,86.3962166747724,"3"
27.3531746031746,283.289205443184,2.9031746031746,16954.5079365079,22380.9523809524,283.374603174603,278.384126984127,1028.49523809524,72.8038116032261,"3"
24.1376811594203,262.980157546968,4.39855072463768,5546.84057971014,19366.6666666667,284.321739130435,281.726086956522,1032.36086956522,84.7255289580451,"3"
24.3134920634921,271.642462777747,2.13015873015873,15293.2222222222,14774.6031746032,285.111111111111,281.288888888889,1032.50476190476,79.7671529596016,"3"
25.8913043478261,241.886532550747,4.03478260869565,6049.22463768116,10956.5217391304,282.24347826087,280.123188405797,1022.99565217391,87.2815602060097,"3"
26.1979166666667,265.137300570048,6.08333333333333,7876.35416666667,27096.875,281.475,276.652083333333,1018.35,72.9150141053442,"3"
21.7992424242424,259.221080150667,7.83939393939394,443.151515151515,24145.4545454545,285.572727272727,282.943939393939,1010.6,84.4325032244777,"3"
22.912037037037,245.43256032589,7.77037037037037,515.518518518518,27638.8888888889,285.418518518519,282.298148148148,1009.34444444444,81.7535453630107,"3"
24.6507936507937,232.889040924026,6.76825396825397,5609.88888888889,23952.380952381,283.593650793651,281.404761904762,1004.6380952381,86.6451828077576,"3"
25.2666666666667,235.088575349288,5.985,16696.775,31150,280.443333333333,274.436666666667,1008.95,68.1307182224351,"3"
25.547619047619,149.857894819934,4.95079365079365,6416.74603174603,26571.4285714286,280.255555555556,277.134920634921,1006.39523809524,81.3251976445636,"3"
23.1625,59.4107744865816,5.61833333333333,4933.55,12718.3333333333,281.655,277.846666666667,1015.365,78.3928516663744,"3"
31.7261904761905,56.6710989403109,5.05873015873016,8641.93650793651,11603.1746031746,282.031746031746,278.020634920635,1028.3619047619,76.8980453660157,"3"
31.7371794871795,52.2366809367019,4.16153846153846,22000,19307.6923076923,280.861538461538,274.879487179487,1030.91538461538,69.1303708034002,"3"
27.2463768115942,69.2374258916042,4.86666666666667,18462.0434782609,32956.5217391304,283.057971014493,276.869565217391,1024.16086956522,67.1555435607855,"3"
28.5539215686275,77.1948861190481,3.52156862745098,11110.0294117647,7339.21568627451,283.747058823529,279.149019607843,1022.21764705882,75.2623394926407,"3"
39.1944444444444,164.053217469919,3.5962962962963,6953.51851851852,9803.7037037037,284.462962962963,280.259259259259,1019.76666666667,78.0625953409765,"3"
32.8508771929825,216.44091641367,5.87456140350877,1344.86842105263,25421.0526315789,286.265789473684,283.302631578947,1021.77368421053,82.5142962320216,"3"
29.3769841269841,184.242517326261,4.34920634920635,16936.5238095238,35571.4285714286,289.092063492064,281.565079365079,1018.73333333333,62.8706366175443,"3"
28.6323529411765,202.301807235089,4.87254901960784,9768.40196078431,31294.1176470588,286.121568627451,281.060784313725,1010.18823529412,72.2722732675691,"3"
27.2546296296296,215.003786214854,4.83888888888889,4986.75925925926,25144.4444444444,284.725925925926,280.005555555556,1009.32777777778,74.3085338485676,"4"
22.5729166666667,288.187872980501,1.96666666666667,14080.3125,27750,284.195833333333,278.80625,1021.2125,71.6166583024124,"4"
24.9666666666667,53.4377730956668,0.9,20535.3333333333,11960,278.746666666667,277.393333333333,1026.24,91.1913688608528,"4"
22.8529411764706,278.951652486397,2.31960784313726,641.529411764706,18384.3137254902,284.956862745098,281.843137254902,1025.78823529412,81.8915150429263,"4"
18.4122807017544,331.475339975217,2.76315789473684,13732.1315789474,26736.8421052632,283.159649122807,277.071929824561,1031.03157894737,67.2972980171837,"4"
20.9351851851852,295.913414177421,1.75925925925926,19693.1944444444,20166.6666666667,284.807407407407,277.937037037037,1030.93888888889,64.9037846295506,"4"
29.75,273.598370656363,1.82380952380952,22000,16309.5238095238,284.545238095238,278.230952380952,1027.31428571429,67.0838132285453,"4"
33.3333333333333,192.116142170776,2.28717948717949,22000,14605.1282051282,285.305128205128,278.579487179487,1023.74615384615,68.265478602359,"4"
33.8888888888889,224.461168856472,4.63703703703704,20814.8148148148,17514.8148148148,287.922222222222,280.414814814815,1020.24444444444,64.3735884257544,"4"
22.7272727272727,315.535311676089,3.01060606060606,9581.18181818182,27590.9090909091,284.031818181818,276.363636363636,1025.53636363636,60.6931641895329,"4"
18.0227272727273,278.515829846259,3.76212121212121,20696.9696969697,32000,283.593939393939,276.798484848485,1026.96818181818,64.4091385831499,"4"
16.6136363636364,274.393418275732,4.86363636363636,7863.72727272727,33727.2727272727,284.184848484848,278.483333333333,1019.29090909091,69.6803669094333,"4"
21.6805555555556,296.053354514242,2.96666666666667,15096.1666666667,38333.3333333333,282.255555555556,276.005555555556,1018.71666666667,66.4657598166951,"4"
16.547619047619,332.478112181128,2.94285714285714,16631.2380952381,45714.2857142857,278.619047619048,272.880952380952,1014.94285714286,69.5732383685922,"4"
14,298.014884235926,2.98571428571429,9943.35714285714,26500,278.2,274.054761904762,1017.85714285714,76.0819752592161,"4"
19.2101449275362,284.695613575414,3.24927536231884,9136.01449275362,28101.4492753623,279.930434782609,275.407246376812,1019.03043478261,75.2995675251496,"4"
20.1884057971014,289.891406752597,1.97391304347826,1691.49275362319,28217.3913043478,283.492753623188,278.094202898551,1016.86086956522,70.6617600581825,"4"
20.452380952381,175.816506396745,3.85873015873016,9638.96031746032,36190.4761904762,284.355555555556,276.806349206349,1014.14285714286,61.7154040192427,"4"
13.7013888888889,117.311506808878,6.3625,13198.6041666667,35208.3333333333,286.255555555556,277.309722222222,1002.00416666667,56.5911338239637,"4"
13,105.971706459599,4.01014492753623,3373.90579710145,30608.6956521739,283.431884057971,280.384057971014,1004.43913043478,82.2558636647457,"5"
18.7619047619048,46.3306020879384,2.81428571428571,11642,17690.4761904762,283.519047619048,279.740476190476,1018.47142857143,79.4190273331499,"5"
21.7222222222222,30.3876868729365,3.67592592592593,542.796296296296,10657.4074074074,283.094444444444,279.972222222222,1022.34444444444,81.4301116989107,"5"
22.1818181818182,41.9778810528684,4.16060606060606,611.674242424242,13409.0909090909,284.315151515152,280.112121212121,1022.46818181818,76.370501393465,"5"
17.2246376811594,65.4986932632222,5.66376811594203,6501.36956521739,23652.1739130435,284.739130434783,277.736231884058,1020.59565217391,65.0150012157274,"5"
18.0625,53.7457597193926,4.67083333333333,749.3125,10677.0833333333,284.970833333333,280.177083333333,1013.0125,73.2503458951782,"5"
21.5686274509804,252.47016364773,2.6843137254902,6970.13725490196,18278.431372549,284.462745098039,279.286274509804,1020.70588235294,72.3798340250584,"5"
17.3333333333333,108.742977391453,3.43333333333333,3412,15625,283.175,278,1026.8625,70.7448105442591,"5"
21.0294117647059,48.1256467422145,2.8,6530.86274509804,21588.2352941176,283.439215686275,276.309803921569,1021.16470588235,62.5446840448601,"5"
24.6212121212121,102.881530509835,3.03181818181818,19598.3863636364,20393.9393939394,285.210606060606,277.569696969697,1007.77727272727,62.3592939547313,"5"
32,84.3833216759742,2.84791666666667,14648.84375,16747.9166666667,286.066666666667,280.964583333333,997.2375,73.9688158588839,"5"
28.35,197.408569617897,5.19333333333333,4010.91666666667,30705,288.263333333333,284.12,997.64,77.5473947707409,"5"
17.195652173913,207.154945750885,5.13623188405797,7353.61594202899,24373.9130434783,287.215942028986,281.123188405797,1007.69130434783,69.5567823192239,"5"
17.3888888888889,228.810312866946,4.31428571428571,7755.69841269841,28904.7619047619,287.14126984127,281.612698412698,1018.2,71.3714624655448,"5"
17.6376811594203,184.078510278351,4.93768115942029,4690.42753623188,26869.5652173913,287.494202898551,284.527536231884,1024.37391304348,82.9614772391871,"5"
14.9565217391304,211.84562457155,5.18840579710145,6844.33333333333,30673.9130434783,291.417391304348,287.028985507246,1023.50434782609,77.3725020240789,"5"
20.0347222222222,212.440981591737,2.45555555555556,850.680555555556,14139.5833333333,288.123611111111,287.348611111111,1016.68333333333,95.2208639055865,"5"
17.9444444444444,291.50959200286,2.31111111111111,6558.90277777778,22083.3333333333,285.206944444444,281.497222222222,1012.6125,79.8517171668043,"5"
13.2569444444444,273.195050320812,3.01111111111111,5088.3125,31722.2222222222,284.556944444444,281.259722222222,1012.09583333333,81.1638097501136,"5"
9.95652173913044,213.310010368266,4.71159420289855,9809.23913043478,38608.6956521739,284.834782608696,280.865217391304,1017.88260869565,78.0673284834141,"5"
11.6916666666667,172.105299728217,3.78166666666667,14120.6166666667,31900,287.593333333333,281.185,1023.16,68.4814397791684,"5"
19.0486111111111,157.48697260083,4.15,19912.5,36875,291.009722222222,282.347222222222,1016.37083333333,60.249074371334,"5"
14.3712121212121,267.934990503668,3.35454545454545,10750.8636363636,33136.3636363636,289.236363636364,285.104545454545,1020.92272727273,77.1213627068122,"5"
15.8015873015873,225.009719436519,2.16349206349206,18202.4126984127,29531.746031746,292.393650793651,285.815873015873,1025.30476190476,68.8317544028198,"5"
20.2333333333333,108.614803227783,2.89333333333333,18886.65,31500,292.133333333333,285.148333333333,1023.58,66.2177155327279,"5"
20.7878787878788,92.9717502313534,4.65606060606061,22000,33090.9090909091,293.356060606061,284.959090909091,1017.75454545455,61.035528743873,"5"
20.2539682539683,177.45563981339,4.96507936507937,13722.8968253968,30190.4761904762,291.634920634921,286.312698412698,1014.1380952381,71.8838021064176,"5"
17.9305555555556,193.434966292648,2.2375,12983.6666666667,24083.3333333333,290.458333333333,285.702777777778,1017.5625,75.6338034835259,"5"
18.3768115942029,162.311178177631,3.04347826086957,735.942028985507,16613.0434782609,290.275362318841,288.097101449275,1012.46086956522,87.3305210295881,"5"
12.8333333333333,251.733914403973,4.85641025641026,2635.55128205128,31461.5384615385,289.476923076923,286.069230769231,1013.83076923077,80.858536942682,"5"
27.2916666666667,233.76796854458,2.33809523809524,7851.14285714286,32928.5714285714,291.416666666667,285.678571428571,1022.57142857143,70.3075656742102,"5"
19.0921052631579,202.122810878522,3.42280701754386,20201.649122807,38315.7894736842,293.473684210526,284.973684210526,1020.24210526316,60.0338001245538,"6"
23.71875,262.983641366591,2.3,5435.33333333333,31281.25,293.979166666667,286.875,1015.6125,64.5694617810915,"6"
21.15625,274.531693894154,4.75277777777778,11905.3333333333,36250,290.091666666667,282.633333333333,1014.57083333333,64.1424907135111,"6"
21.625,240.467490864919,5.41212121212121,8794,34227.2727272727,287.765151515152,281.657575757576,1016.05,68.6273826414564,"6"
23.675,195.609983854301,6.95,2901.3,27850,287.64,283.443333333333,1007.83,76.9246392467202,"6"
19.375,250,8.56666666666667,22000,21000,285.65,280.966666666667,1003.85,73.4058815302108,"6"
20.9736842105263,244.295585135536,7.72456140350877,11171.2894736842,28894.7368421053,287.536842105263,281.426315789474,1010.90526315789,68.5206249322981,"6"
21.8095238095238,212.203252119162,6.28095238095238,654.396825396825,32714.2857142857,288.490476190476,285.255555555556,1009.96666666667,81.4357435322106,"6"
20.6309523809524,238.50559563155,5.54920634920635,7684.26984126984,24428.5714285714,289.052380952381,284.138095238095,1010.92857142857,74.2349992633471,"6"
22.7105263157895,204.228698619808,5.60175438596491,12133.2719298246,26526.3157894737,291.177192982456,285.257894736842,1016.32105263158,70.267949163559,"6"
19.9861111111111,229.031408415165,6.26851851851852,3591.41666666667,26333.3333333333,291.103703703704,285.272222222222,1014.05555555556,70.6800857978825,"6"
22.4772727272727,256.253375289275,6.00909090909091,7597.32575757576,28000,288.880303030303,282.466666666667,1017.62272727273,66.6722178142978,"6"
23.3625,265.897262171648,2.18166666666667,13432.9916666667,27150,290.16,283.565,1019.65,67.3351150471659,"6"
28.8522727272727,135.787895771087,3.02121212121212,22000,33318.1818181818,293.74696969697,284.45,1016.78636363636,57.60045820514,"6"
29.3181818181818,255.056764599805,5.67727272727273,18942.0984848485,27454.5454545455,291.669696969697,283.654545454545,1014.92727272727,61.6213473315096,"6"
24.3181818181818,272.334774563727,4.74090909090909,12494.8181818182,23545.4545454545,291.057575757576,284.565151515152,1023.85909090909,67.6570649125587,"6"
23.8333333333333,257.70353228935,2.49777777777778,22000,22700,293.402222222222,287.737777777778,1026.84666666667,72.1523192606285,"6"
21.4444444444444,251.604915114375,1.81111111111111,17804.3518518519,30777.7777777778,295.214814814815,288.277777777778,1024.71111111111,67.1391420218162,"6"
27.75,82.2391874720917,1.58095238095238,22000,25285.7142857143,296.414285714286,288.985714285714,1020.51428571429,65.0983218596915,"6"
36.6071428571429,91.80195652808,2.6,20390.4761904762,21000,296.480952380952,287.966666666667,1017.87142857143,60.1792264277542,"6"
30.225,71.3289411377772,2.85,21336.6666666667,16200,293.036666666667,288.67,1016.52,77.2194315768201,"6"
34.359649122807,259.045754056434,6.22631578947368,4318.5701754386,23929.8245614035,293.768421052632,287.528070175439,1012.18947368421,68.4148134992097,"6"
24.5530303030303,249.014626230551,6.95151515151515,6750.43181818182,35136.3636363636,292.35303030303,284.827272727273,1016.05909090909,63.3085774358424,"6"
19.1630434782609,242.772416391309,6.11884057971015,769.260869565217,35521.7391304348,292.340579710145,287.517391304348,1013.66086956522,74.3555552567837,"6"
16.2395833333333,261.545278184435,6.20555555555556,1810.25,40666.6666666667,291.494444444444,285.165277777778,1012.46666666667,67.6354296731481,"6"
21.1590909090909,99.8345610969708,3.49090909090909,16783,36818.1818181818,290.887878787879,280.427272727273,1013.75454545455,51.56335311239,"6"
25.5,86.426942711472,3.42361111111111,2443.71527777778,21670.8333333333,290.061111111111,285.663888888889,1006.6875,76.9414963793747,"6"
21.075,286.069159824866,2.52,574.383333333333,30283.3333333333,287.583333333333,285.096666666667,997.76,85.4137171518886,"6"
20.6145833333333,281.166552250527,3.28055555555556,1232.33333333333,44083.3333333333,288.063888888889,283.290277777778,996.45,73.7276426000982,"6"
18.0714285714286,307.894819985581,2.6452380952381,3356.15079365079,36261.9047619048,290.47619047619,284.950793650794,1004.51428571429,71.5603584282751,"6"
20.1770833333333,296.633614624853,4.2375,4426.49305555556,33125,291.241666666667,284.454166666667,1015.69166666667,66.2756761641207,"7"
20.9404761904762,294.1683952099,3.71904761904762,13691.1111111111,33230.9523809524,291.931746031746,282.993650793651,1020.58571428571,59.2261723567986,"7"
19.3461538461538,257.056054507452,4.95128205128205,7703.87179487179,35769.2307692308,290.192307692308,284.930769230769,1020.89230769231,71.8073464164892,"7"
21.0227272727273,251.09660047197,3.19848484848485,10643.8712121212,36227.2727272727,292.645454545455,285.618181818182,1019.85,65.7110145079595,"7"
22.075,182.177367478325,2.525,22000,38750,294.146666666667,285.718333333333,1018.455,60.4740348487241,"7"
24.5,91.1798249535607,3.97575757575758,17090.9090909091,43272.7272727273,294.3,285.575757575758,1016.18181818182,58.4343026163779,"7"
25.7375,280.944254434763,4.12666666666667,18480,37900,295.251666666667,286.516666666667,1015.96,60.0949881204627,"7"
20.5625,268.774332645333,2.77916666666667,8764.19791666667,36187.5,293.122916666667,286.185416666667,1018.00625,67.108255083292,"7"
26.125,173.234675941776,3.465,16454.3,32350,295.296666666667,286.533333333333,1012.95,60.2493456989039,"7"
21.85,267.647926424246,4.955,16855.7666666667,38150,293.93,285.175,1008.425,59.7017208782774,"7"
20.1875,201.153649593723,4.35833333333333,2789.11111111111,27723.6111111111,289.166666666667,286.075,1009.24583333333,82.7458369949567,"7"
18.8,145.032051743014,3.21333333333333,10642.55,29320,290.72,282.6,1016.98,63.1688983617026,"7"
22.3695652173913,210.393051826791,3.34057971014493,14453.6231884058,35130.4347826087,291.305797101449,282.589855072464,1021.6652173913,58.5914710334656,"7"
19.3695652173913,286.216169037977,3.70289855072464,8112.68115942029,36217.3913043478,290.817391304348,282.995652173913,1019.89130434783,62.3678266214821,"7"
16.8645833333333,246.134625271025,4.58333333333333,5478.54861111111,30500,291.255555555556,286.972222222222,1021.94583333333,76.5198077791,"7"
11.2608695652174,271.994808324692,4.40144927536232,1235.23188405797,40869.5652173913,294.357971014493,289.511594202899,1022.60869565217,74.5732716141776,"7"
22.725,64.6915562423618,3.43333333333333,17122.8,42500,293.48,282.8,1022.85,51.1292716632588,"7"
28.625,91.006299291566,5.10833333333333,15655.5555555556,29333.3333333333,294.398611111111,286.233333333333,1016.20416666667,61.6521561439301,"7"
28.625,161.768612285541,4.79242424242424,5738.51515151515,20727.2727272727,293.048484848485,289.777272727273,1006.07272727273,81.8802635234872,"7"
16.9761904761905,235.187560421103,5.75873015873016,8256.15079365079,27888.8888888889,290.865079365079,284.492063492063,1007.8380952381,69.614612688968,"7"
19.2368421052632,166.450500560647,5.87894736842105,8719.75438596491,25877.1929824561,290.50701754386,284.142105263158,1008.40526315789,68.1968969327964,"7"
18.3928571428571,191.08865571594,3.63809523809524,2467.05555555556,23452.380952381,287.874603174603,285.333333333333,1008.09523809524,85.5018483885965,"7"
13.3928571428571,256.818205700938,4.12222222222222,6529.84126984127,28590.4761904762,288.45873015873,284.820634920635,1011.46666666667,80.2567489161419,"7"
16.625,292.484757639411,3.78166666666667,1168.99166666667,32343.3333333333,289.753333333333,285.996666666667,1013.685,79.2511617061565,"7"
22.7954545454545,250.278906488044,2.85757575757576,6654.19696969697,35818.1818181818,293.339393939394,285.821212121212,1015,62.4155583301031,"7"
18.1428571428571,206.908460096587,5.28888888888889,6585.4126984127,21269.8412698413,290.611111111111,288.068253968254,1007.58571428571,85.4598010617791,"7"
18.2375,239.329064526625,5.20666666666667,6230.75833333333,21500,289.666666666667,285.436666666667,1006.725,76.804234185525,"7"
17.4886363636364,221.598824861033,6.72272727272727,5292.56818181818,19378.7878787879,290,285.940909090909,1008.39545454545,77.9752763564137,"7"
17.2272727272727,224.153535916413,4.08030303030303,5053.16666666667,21878.7878787879,290.012121212121,286.783333333333,1007.85,82.424326522409,"7"
16.1818181818182,238.873289893712,5.6969696969697,3644.78787878788,35560.6060606061,290.260606060606,285.324242424242,1005.84090909091,74.2574620426308,"7"
18.6315789473684,224.551221725558,4.66491228070175,13016.0350877193,26684.2105263158,290.398245614035,283.908771929825,1011.33157894737,68.2613993546534,"7"
19.7361111111111,224.15428077712,4.72592592592593,13537.9444444444,30000,290.042592592593,285.062962962963,1014.60555555556,74.1665476525045,"8"
18.8863636363636,187.485283745289,5.79242424242424,4770.18181818182,24124.2424242424,289.934848484848,287.69696969697,1011.94090909091,87.0052582505038,"8"
19.0833333333333,223.953512680152,7.49166666666667,1988.81944444444,17250,291.05,286.4,1007.36666666667,74.933615259602,"8"
20.1842105263158,247.446988429279,5.99473684210526,5661.93859649123,37210.5263157895,291.926315789474,284.721052631579,1011.68421052632,63.8730459524787,"8"
23.3472222222222,283.339237483754,3.49444444444444,10563.7407407407,38222.2222222222,290.305555555556,283.346296296296,1017.34444444444,65.0265992196115,"8"
17.8409090909091,260.622828853449,3.46363636363636,1844.42424242424,38181.8181818182,291.093939393939,287.127272727273,1015.96363636364,78.2180237075988,"8"
12.8684210526316,300.195839945151,3.29824561403509,1106.89473684211,38982.4561403509,288.270175438596,285.036842105263,1011.08947368421,81.427103175119,"8"
13.7045454545455,323.896698574011,2.80606060606061,547.969696969697,8781.81818181818,287.209090909091,286.090909090909,1014.40909090909,93.1079534281138,"8"
11.275,202.07216861867,2.58,12075.5666666667,36600,289.873333333333,281.966666666667,1023.04,61.4232866767424,"8"
8.73611111111111,251.676431441257,4.96296296296296,12088.0462962963,31138.8888888889,290.103703703704,284.566666666667,1018.57777777778,71.542843988185,"8"
4.03947368421053,273.271948370954,4.7,3673.32456140351,43421.0526315789,292.184210526316,285.326315789474,1015.94736842105,66.0771941948241,"8"
5.53125,270.342315762491,2.5875,21579.1666666667,37125,290.639583333333,280.925,1021.1625,55.3057363375275,"8"
7.359375,174.339699569784,3.01875,15230.5520833333,30418.75,291.4125,284.26875,1016.725,64.5133891090948,"8"
12.2628205128205,276.475242671447,3.49615384615385,13751.4358974359,29269.2307692308,291.883333333333,284.94358974359,1015.24615384615,66.5719031734165,"8"
16.5694444444444,220.472865262795,4.13148148148148,13777.0185185185,35111.1111111111,290.712962962963,284.274074074074,1018.82222222222,67.6762006334702,"8"
16.7368421052632,219.315278026935,5.8280701754386,3887.71052631579,30263.1578947368,292.826315789474,288.280701754386,1011.06315789474,76.9896271318278,"8"
20.7236842105263,234.745741872504,6.05789473684211,11193.701754386,26731.5789473684,288.819298245614,284.60350877193,1011.11578947368,76.7892523202161,"8"
14.3901515151515,263.537620008896,6.44090909090909,14562.303030303,28318.1818181818,289.190909090909,282.601515151515,1017.01363636364,67.130848110855,"8"
17.4528985507246,238.077382462218,3.87536231884058,11654.0144927536,24462.3188405797,288.240579710145,283.182608695652,1023.24782608696,74.366200441795,"8"
12.9545454545455,115.297503817299,2.52272727272727,306.166666666667,17559.0909090909,289.859090909091,288.468181818182,1021.24545454545,91.8165027020318,"8"
13.8007246376812,122.787098371659,2.93188405797101,2220.84782608696,13039.1304347826,292.414492753623,289.550724637681,1018.76956521739,84.106343021537,"8"
19.7789855072464,201.937545682273,4.19130434782609,12026.4202898551,20976.8115942029,291.653623188406,287.565217391304,1013.5347826087,78.3193206294172,"8"
15.1485507246377,246.131938609339,3.77391304347826,14978.1811594203,33347.8260869565,290.191304347826,285.149275362319,1016.94782608696,73.7602381531418,"8"
20.1195652173913,247.460904160962,1.72898550724638,21300,29391.3043478261,291.268115942029,284.944927536232,1017.23043478261,68.9315228713428,"8"
23.1086956521739,285.168447005269,1.6304347826087,14526.8768115942,24608.6956521739,292.65652173913,285.688405797101,1016.19565217391,66.0251330396847,"8"
21.8947368421053,175.107714140949,1.82982456140351,20271.9298245614,35473.6842105263,293.463157894737,284.859649122807,1018.25789473684,59.8931322827142,"8"
25.1535087719298,172.177907423656,2.44561403508772,22000,23552.6315789474,294.70701754386,287.419298245614,1017.66842105263,65.509947573144,"8"
21.2651515151515,282.113961346794,2.33333333333333,13051.6136363636,23545.4545454545,293.312121212121,287.809090909091,1013.46363636364,72.1040840667773,"8"
18.765625,314.408859206343,2.29791666666667,6792.64583333333,21625,286.85,283.166666666667,1013.775,78.8339768998591,"8"
17.3888888888889,237.235427758458,2.34444444444444,18602.5555555556,27416.6666666667,287.644444444444,282.935185185185,1017.05,75.4027728260714,"8"
17.406862745098,286.558341236171,1.84509803921569,19380.3921568627,30235.2941176471,288.972549019608,281.898039215686,1021.34705882353,66.0352005804203,"9"
18.4761904761905,257.223333658718,2.09206349206349,20020.1428571429,30380.9523809524,289.115873015873,282.125396825397,1021.78571428571,65.8847546465767,"9"
18.768115942029,150.736313110796,4.49710144927536,8854.48550724638,19613.0434782609,286.728985507246,284.192753623188,1013.4,85.4822886090313,"9"
13.2028985507246,179.760737499395,3.77246376811594,429.289855072464,22350.7246376812,290.85652173913,289.13768115942,1011.63913043478,90.1187411670626,"9"
10.6123188405797,225.481453803768,4.8304347826087,850.144927536232,29152.1739130435,290.655072463768,288.375362318841,1013.65217391304,86.7529005230524,"9"
7.84469696969697,274.68082907103,4.36666666666667,11806.8333333333,16795.4545454545,288.787878787879,282.533333333333,1018.86363636364,68.4769391551706,"9"
13,238.037340926917,4.63030303030303,3630.7803030303,15401.5151515152,288.945454545455,284.477272727273,1014.02272727273,75.7567412863308,"9"
9.0625,242.682493861195,5.08166666666667,4007.25833333333,35225,288.52,285.845,1000.05,84.5542707445188,"9"
6.85606060606061,270.359886912964,4.13333333333333,14238.9015151515,35727.2727272727,286.310606060606,283.00303030303,997.777272727273,81.6828603321038,"9"
7.91145833333333,231.449462216516,4.61458333333333,13570.9895833333,27318.75,285.81875,283.266666666667,1001.2625,85.5271993303093,"9"
13.8214285714286,270.592812594759,6.1952380952381,12263.5952380952,26857.1428571429,287.757142857143,283.428571428571,997.585714285714,76.2496933964921,"9"
13.6363636363636,238.235244700831,6.33636363636364,14898.1060606061,26522.7272727273,287.275757575758,282.460606060606,1004.53181818182,74.7519555534034,"9"
17.71875,254.219226320578,7.02916666666667,15795.8125,30750,287.216666666667,280.125,1001.05,62.9339120104398,"9"
15.2272727272727,280.570923556005,4.92272727272727,14981.2424242424,40227.2727272727,285.374242424242,280.742424242424,1008.15,74.7923053893171,"9"
13.7,306.509512240157,2.61666666666667,10817.9166666667,32850,284.428333333333,280.933333333333,1013.135,80.3491296574861,"9"
12.25,307.712505570402,1.96666666666667,10493.787037037,21805.5555555556,284.461111111111,281.462962962963,1011.93333333333,82.8746006162195,"9"
15.1979166666667,310.289033392938,2.00208333333333,4600.85416666667,27114.5833333333,286.175,282.379166666667,1013.90625,78.8236262005287,"9"
15.4791666666667,316.090811437488,2.60666666666667,1496.85833333333,21493.3333333333,286.198333333333,282.385,1017.585,79.331022234896,"9"
16.85,276.328247320237,2.32333333333333,13931.8166666667,27698.3333333333,285.253333333333,281.128333333333,1021.495,77.6852617004686,"9"
17.8375,201.584501648637,3.71333333333333,4153.775,28908.3333333333,287.43,284.085,1018.67,81.2332172982559,"9"
18.5454545454545,205.812086241588,4.66969696969697,7334.68181818182,30109.0909090909,288.221212121212,285.207575757576,1015.50454545455,82.8236359384151,"9"
16.2875,234.260753360543,2.92833333333333,17489.225,30084.1666666667,285.86,281.558333333333,1021.43,77.3855247071878,"9"
16.2045454545455,155.197112345035,3.51969696969697,12992.8939393939,40090.9090909091,288.454545454545,283.118181818182,1021.63636363636,71.6858335066046,"9"
20.5869565217391,111.011425537584,3.49710144927536,16037.9782608696,26159.4202898551,289.297101449275,284.069565217391,1019.26086956522,73.5685113313691,"9"
24.265873015873,65.633903639764,2.04920634920635,5528.11111111111,6122.22222222222,289.060317460317,286.757142857143,1019.55714285714,86.6330750588658,"9"
28.4333333333333,87.8158926753531,2.41333333333333,7916.56666666667,6604.44444444444,289.202222222222,285.74,1022.23333333333,80.7295601135655,"9"
31.2236842105263,125.553715944497,3.49298245614035,10017.649122807,5150.87719298246,289.001754385965,286.266666666667,1019.63157894737,85.0389053344847,"9"
25.2777777777778,204.048125384217,3.62037037037037,5985.19444444444,25648.1481481481,288.892592592593,286.562962962963,1017.90555555556,86.8878022684589,"9"
11.75,218.591793121099,4.16666666666667,6762.74242424242,16100.7575757576,289.404545454545,286.843939393939,1015.91363636364,85.3392594895798,"9"
11.75,207.730370028891,4.16060606060606,9752.33333333333,21772.7272727273,287.001515151515,283.293939393939,1016.51363636364,79.2340232039712,"9"
7.1268115942029,198.386572346373,5.83768115942029,541.297101449275,28032.6086956522,289.221739130435,287.478260869565,1010.94782608696,89.6620191289033,"10"
8.6,260.524901033836,7.17333333333333,9315.275,13833.3333333333,287.813333333333,282.555,1013.285,71.5008681300717,"10"
11.5434782608696,280.164429551317,4.00579710144928,14252.1739130435,22043.4782608696,285.266666666667,279.55652173913,1022.55652173913,69.9706316597635,"10"
10.5833333333333,247.874378787608,5.85942028985507,9192.26086956522,27391.3043478261,285.588405797101,280.45652173913,1022.20434782609,71.5870930497745,"10"
9.125,288.916425513038,6.08484848484848,11520.6666666667,34863.6363636364,287.240909090909,280.643939393939,1017.23181818182,66.0768173001718,"10"
10.2698412698413,290.123329761291,3.36349206349206,21011.9047619048,33571.4285714286,284.533333333333,278.995238095238,1025.59047619048,70.2564586011281,"10"
7.83333333333333,256.186099953884,5.46515151515151,2800.77272727273,35295.4545454545,287.177272727273,283.392424242424,1018.44090909091,78.301752015262,"10"
7.37916666666667,292.139239131192,2.495,10019.85,40050,286.523333333333,282.616666666667,1020.015,78.1322233594135,"10"
13.5942028985507,236.079018973848,2.91159420289855,9696.63043478261,32913.0434782609,286.659420289855,283.398550724638,1019.00434782609,81.2416545291155,"10"
11.6626984126984,224.926417811031,5.3047619047619,3788.09523809524,31023.8095238095,287.526984126984,284.88253968254,1015.20476190476,84.5380965525538,"10"
14.5869565217391,223.512471923286,6.92753623188406,3597.78260869565,30086.9565217391,288.182608695652,284.907246376812,1011.29565217391,81.1634822639959,"10"
16.1447368421053,231.967779005744,4.3280701754386,13252.1578947368,16105.2631578947,285.959649122807,282.277192982456,1019.44736842105,79.6964440004091,"10"
17.7857142857143,219.02896854301,5.68571428571429,453.746031746032,23492.0634920635,289.780952380952,287.109523809524,1022.09047619048,84.6679913732746,"10"
15.7840909090909,204.394293018694,4.03939393939394,3061.14393939394,22171.2121212121,290.040909090909,286.930303030303,1023.84545454545,82.5270681056265,"10"
21.4880952380952,179.257168914345,3.58571428571429,14832.3968253968,10017.4603174603,288.260317460317,285.75873015873,1018.02380952381,85.9362187612249,"10"
24.8333333333333,165.909145852593,5.4031746031746,12027.1111111111,11698.4126984127,289.450793650794,285.222222222222,1015.84761904762,77.4506648535769,"10"
26.75,224.214177065314,4.95,19092.1428571429,14000,285.654761904762,280.411904761905,1019.70714285714,70.9274019171097,"10"
21.46875,76.5379234953287,2.12083333333333,400.479166666667,6377.08333333333,286.9125,285.491666666667,1010.95,91.2757900658581,"10"
25.1818181818182,139.589329991512,4.15,2370.75,7428.78787878788,288.433333333333,287.00303030303,1003.77727272727,91.4384124767448,"10"
21.75,216.063283044549,6.80952380952381,4187.04761904762,24323.8095238095,286.296825396825,282.173015873016,1004.54761904762,77.1107126765628,"10"
17.875,213.843407150289,6.75277777777778,3790.33333333333,15541.6666666667,286.252777777778,283.719444444444,1002.425,85.0062486264038,"10"
19.6904761904762,267.205962540633,7.0968253968254,9536.01587301587,30190.4761904762,284.352380952381,279.126984126984,1013.1380952381,71.2862895460384,"10"
16.9204545454545,209.852580759747,3.83636363636364,1798.46212121212,24010.6060606061,286.743939393939,285.059090909091,1017.67727272727,89.6873111686357,"10"
16.797619047619,220.424620680514,5.62539682539683,394.603174603175,29607.1428571429,289.401587301587,287.195238095238,1017.9619047619,87.1202083190366,"10"
22.7631578947368,247.725670493428,3.87368421052632,10659.9561403509,27473.6842105263,288.4,283.7,1020.56842105263,74.6676160425384,"10"
17.2058823529412,235.026121136516,1.57450980392157,2606.90196078431,11958.8235294118,286.143137254902,285.139215686274,1024.8,93.8196093847126,"10"
17.375,327.11568941436,1.98055555555556,19392.0277777778,19583.3333333333,284.044444444444,280.15,1032,78.5688628187805,"10"
14.8297101449275,264.327128375379,5.47971014492754,17416.5362318841,26556.5217391304,284.224637681159,281.495652173913,1026.04782608696,84.1575622995034,"10"
18.375,292.987023684449,3.62380952380952,7359.21428571429,28785.7142857143,284.897619047619,280.47619047619,1022.65,74.9246976003024,"10"
20.047619047619,266.943140036119,1.45714285714286,20898.4126984127,21452.380952381,280.606349206349,276.214285714286,1030.95238095238,75.0885195567872,"10"
21.875,230.513990938314,3.97272727272727,16216.8787878788,22000,283.357575757576,279.684848484848,1025.86363636364,78.5514829806323,"10"
17.9615384615385,205.950378697858,2.24358974358974,17582.0512820513,12315.3846153846,283.25641025641,281.128205128205,1020.64615384615,88.0133255479937,"11"
21.9642857142857,236.032308259151,1.3047619047619,8643.72222222222,6738.09523809524,281.685714285714,280.139682539683,1015.98095238095,90.5412154273462,"11"
31.2777777777778,199.807338805776,1.72592592592593,11030.0092592593,6016.66666666667,284.225925925926,282.151851851852,1012.96111111111,87.4742836570652,"11"
24.3409090909091,229.242166033996,3.52272727272727,5784.28787878788,20537.8787878788,283.959090909091,281.842424242424,1004.74545454545,87.310724706267,"11"
20.4880952380952,288.941051933795,3.66031746031746,15817.880952381,21761.9047619048,279.519047619048,276.163492063492,1015.2619047619,80.1672286589245,"11"
23.9431818181818,221.767588844246,2.50984848484848,19174.4545454545,16787.8787878788,279.165151515152,276.257575757576,1025.12272727273,83.2369730884497,"11"
19.2386363636364,207.492555245956,4.64090909090909,5118.7803030303,22696.9696969697,282.568181818182,280.29696969697,1017.75909090909,86.1319941577981,"11"
19.2613636363636,318.891854563638,2.36212121212121,9523.34090909091,25590.9090909091,279.831818181818,276.184848484848,1023.01363636364,78.4651436814112,"11"
17.8181818181818,256.325569770983,2.79848484848485,7814.2803030303,19545.4545454545,282.192424242424,279.765151515152,1023.49090909091,85.3068847076868,"11"
19,270.867389081812,4.89090909090909,11191.3712121212,25120.4545454545,282.862121212121,277.290909090909,1019.86363636364,69.9930494430516,"11"
20.8068181818182,209.383131316622,1.91363636363636,2812.06818181818,15737.1212121212,281.748484848485,280.333333333333,1011.80909090909,91.1616801628941,"11"
26.2631578947368,307.011813465672,4.56140350877193,6992.80701754386,33212.2807017544,279.833333333333,275.154385964912,1013.01052631579,73.2938334281034,"11"
22.1190476190476,292.843686584385,2.66507936507936,18146.0317460317,35857.1428571429,278.215873015873,273.487301587302,1026.15714285714,72.0649951375798,"11"
16.4021739130435,240.216813296227,4,4198.23188405797,22282.6086956522,282.424637681159,279.791304347826,1023.9347826087,83.8722338174276,"11"
17.3522727272727,237.141814310064,1.94848484848485,588.083333333333,5721.21212121212,283.24696969697,282.472727272727,1024.23181818182,95.0437860984699,"11"
19.1136363636364,262.923206385897,3,8343.99242424242,19362.1212121212,283.580303030303,280.54696969697,1023.45,82.4183708622814,"11"
22.2840909090909,291.27755387168,1.81363636363636,15830.053030303,17477.2727272727,278.460606060606,274.245454545455,1029.16363636364,75.9275521386649,"11"
23.2159090909091,260.189737231052,3.53181818181818,3532.60606060606,18435.6060606061,280.040909090909,277.816666666667,1023.01363636364,86.153661180057,"11"
24.1190476190476,276.113829530702,2.3952380952381,16599.1666666667,24666.6666666667,278.342857142857,275.206349206349,1023.50476190476,81.238975538964,"11"
18.1195652173913,233.319721960368,5.17826086956522,566.340579710145,20803.6231884058,283.746376811594,281.884057971014,1015.65652173913,88.5356654967204,"11"
18.0326086956522,231.982679476398,6.25652173913043,774.079710144928,20217.3913043478,285.946376811594,282.940579710145,1009.87826086957,82.290987108883,"11"
22.4852941176471,207.842365047388,7.81372549019608,2750.17647058824,19588.2352941176,287.11568627451,282.498039215686,999.947058823529,74.1238093340773,"11"
22.2307692307692,242.115453073712,6.18717948717949,11789.9487179487,30846.1538461538,282.461538461538,276.171794871795,1002.63846153846,65.5336743561346,"11"
20.0869565217391,287.223397499884,1.63623188405797,16167.5507246377,25492.7536231884,278.624637681159,275.398550724638,1010.77391304348,80.5087785206282,"11"
21.5681818181818,271.960750693554,4.16818181818182,17055.1818181818,26596.9696969697,276.092424242424,273.14696969697,1016.63181818182,82.0937751761981,"11"
18.1086956521739,256.903106738899,4.81014492753623,18100.768115942,28391.3043478261,277.397101449275,274.217391304348,1024.04347826087,80.6897925932847,"11"
17.1477272727273,255.123274103983,6.70151515151515,10646.5909090909,30440.9090909091,281.537878787879,278.530303030303,1012.96363636364,81.7872611411097,"11"
17.1931818181818,294.83295428304,3.30606060606061,11510.75,30545.4545454545,277.728787878788,274.219696969697,1008.67727272727,78.9716307247267,"11"
16.7619047619048,328.798720682821,3.68095238095238,8832.98412698413,29333.3333333333,277.147619047619,273.795238095238,1010.9380952381,79.2334258672943,"11"
19.1739130434783,309.189326893736,4.1,11986.0289855072,38347.8260869565,275.192753623188,270.204347826087,1012.34347826087,70.3753788616915,"11"
19.9264705882353,347.750588759637,3.64705882352941,3680.33333333333,30647.0588235294,276.941176470588,273.578431372549,1021.08235294118,79.0627962275438,"12"
18.5909090909091,266.68242355787,2.53787878787879,5296.10606060606,13504.5454545455,277.748484848485,275.328787878788,1027.08181818182,84.8163504800361,"12"
17.0227272727273,295.630951813705,2.58181818181818,731.409090909091,11776.5151515152,281.580303030303,279.762121212121,1027.08181818182,88.7530441744372,"12"
18.6304347826087,283.738294945366,2.73333333333333,1807.60869565217,26478.2608695652,280.775362318841,277.83768115942,1033.45652173913,82.1946226675276,"12"
16.8804347826087,253.514866651938,4.08985507246377,900.826086956522,40739.1304347826,281.001449275362,277.14347826087,1035.37391304348,77.0510771522511,"12"
19.9886363636364,213.105835196496,5.40606060606061,1021.56060606061,37272.7272727273,282.625757575758,277.612121212121,1026.81363636364,71.3505788450067,"12"
19.1931818181818,240.737672787466,6.63787878787879,8656.42424242424,13459.0909090909,281.722727272727,278.828787878788,1010.33181818182,82.7019039945795,"12"
19.45,281.678280656851,5.49777777777778,17914.3,35666.6666666667,275.368888888889,271.44,1016,75.7525498461793,"12"
19.5454545454545,248.633925972632,4.0469696969697,18262.8712121212,29090.9090909091,274.356060606061,271.233333333333,1014.71818181818,80.1839055394444,"12"
18.25,105.824732022315,3.14444444444444,868.222222222222,14166.6666666667,274.644444444444,271.833333333333,998.2,81.9430377046873,"12"
22.125,294.873911752022,4.14166666666667,22000,41250,273.091666666667,269.691666666667,996.575,78.2780553249528,"12"
20.5595238095238,221.110164569004,3.14285714285714,17105.6666666667,21960.3174603175,274.484126984127,272.261904761905,1008.04285714286,85.5887217567132,"12"
21.3125,232.064513375849,4.73055555555556,4639.75,16083.3333333333,280.088888888889,278.675,999.741666666667,90.8862421844573,"12"
23.234375,323.379285032937,4.12708333333333,13089.4166666667,29687.5,277.389583333333,274.179166666667,1002.7125,80.1296006451266,"12"
19.8260869565217,287.03071451927,2.9463768115942,14736.0144927536,26000,275.953623188406,273.428985507246,1018.06086956522,83.9264229130711,"12"
13.4659090909091,236.128741418875,3.56212121212121,4679.75,8565.90909090909,277.545454545455,276.695454545455,1022.67727272727,94.3907435018785,"12"
22.9875,308.493644600121,1.27166666666667,22000,12075,277.425,275.095,1029.865,85.4322663113578,"12"
23.6578947368421,254.055419538936,2.36842105263158,10484.3859649123,8488.59649122807,277.373684210526,275.878947368421,1035.19473684211,90.496743422846,"12"
18.7826086956522,247.763342095757,3.10724637681159,153.724637681159,6578.98550724638,282.376811594203,281.472463768116,1035.21304347826,94.2477377633093,"12"
13.7380952380952,253.831531155866,4.16031746031746,508.595238095238,18093.6507936508,283.807936507937,282.076190476191,1035.47142857143,89.3880140001198,"12"
14.6904761904762,258.31362780518,2.25555555555556,364.873015873016,23769.8412698413,283.619047619048,281.742857142857,1035.97619047619,88.4696993363888,"12"
13.8181818181818,248.64856477417,5.32575757575758,253.090909090909,32748.4848484848,282.248484848485,280.651515151515,1033.43181818182,89.9154689892811,"12"
17.3181818181818,235.432503673443,5.97121212121212,383.242424242424,38636.3636363636,282.434848484848,280.315151515152,1024.21363636364,86.9420604429518,"12"
17.3088235294118,207.425269788251,6.83725490196078,552.196078431373,17941.1764705882,282.878431372549,280.670588235294,1009.39411764706,86.4099866413818,"12"
20.8214285714286,227.028330824546,5.67142857142857,18699.5714285714,39464.2857142857,278.342857142857,275.302380952381,997.721428571429,81.3896063238485,"12"
17.25,289.395563846434,3.99583333333333,20504.1666666667,36875,275.0375,271.675,997.3875,78.960597943491,"12"
17.1363636363636,253.081087166743,3.56363636363636,21043.6363636364,35560.6060606061,274.524242424242,272.062121212121,1003.80454545455,84.3789105416796,"12"
21.265625,196.819296943004,5.36458333333333,10002.9895833333,17586.4583333333,277.46875,274.41875,999.20625,81.8404526251007,"12"
26.75,218.989673927472,6.05555555555556,6776.92592592593,7148.14814814815,283.666666666667,280.3,1000.22222222222,80.6880376009134,"12"
23.4107142857143,221.254389371136,7.17142857142857,4168.02380952381,14090.4761904762,284.469047619048,282.119047619048,995.6,85.7210822883667,"12"
